{
  "project_info": {
    "project_number": "705485267507",
    "firebase_url": "https://morris-7d4d2.firebaseio.com",
    "project_id": "morris-7d4d2",
    "storage_bucket": "morris-7d4d2.appspot.com"
  },
  "client": [
    {
      "client_info": {
        "mobilesdk_app_id": "1:705485267507:android:fe56894eda7c4f3f",
        "android_client_info": {
          "package_name": "com.amk.morris"
        }
      },
      "oauth_client": [
        {
          "client_id": "705485267507-fp4anlp58vhq2e4pf6tm8ledac19org1.apps.googleusercontent.com",
          "client_type": 3
        }
      ],
      "api_key": [
        {
          "current_key": "AIzaSyDb3tDxdNN_xROXMnPVvlEpe35xvOH7LWc"
        }
      ],
      "services": {
        "appinvite_service": {
          "other_platform_oauth_client": [
            {
              "client_id": "705485267507-fp4anlp58vhq2e4pf6tm8ledac19org1.apps.googleusercontent.com",
              "client_type": 3
            }
          ]
        }
      }
    },
    {
      "client_info": {
        "mobilesdk_app_id": "1:705485267507:android:61168da158036372",
        "android_client_info": {
          "package_name": "com.example.launcher.myapplication"
        }
      },
      "oauth_client": [
        {
          "client_id": "705485267507-fp4anlp58vhq2e4pf6tm8ledac19org1.apps.googleusercontent.com",
          "client_type": 3
        }
      ],
      "api_key": [
        {
          "current_key": "AIzaSyDb3tDxdNN_xROXMnPVvlEpe35xvOH7LWc"
        }
      ],
      "services": {
        "appinvite_service": {
          "other_platform_oauth_client": [
            {
              "client_id": "705485267507-fp4anlp58vhq2e4pf6tm8ledac19org1.apps.googleusercontent.com",
              "client_type": 3
            }
          ]
        }
      }
    }
  ],
  "configuration_version": "1"
}